slug,doctor_name,clinic_name,specialty,location,address,phone,email,availability,experience,bio,image,theme,services_1,services_2,services_3,services_4,linkedin_url
mohammed-adil-hussain,Mohammed Adil Hussain,AlShifa,Co-Founder,"Mumbai, Maharashtra, India","12 Residency Road, Ashok Nagar, Bengaluru",9876543210,appointments@yourclinic.com,"Mon-Sat, 9:00 AM-6:00 PM",7 yrs 3 mos,"Long-term cardiac care with a focus on clear communication and practical treatment plans.
",mohammed-adil-hussain.jpg,blue,General cardiology consultation,ECG and preventive heart screening,Hypertension and cholesterol management,Post-procedure follow-up care,https://www.linkedin.com/in/ACwAABR7Uw4BHKbJMbSsLjP0oGxyQGyXS3V6uyg
vinay-verma,Vinay Verma,AnginaX,"Chief Business Officer, Business and Strategic Partnerships","Mumbai, Maharashtra, India","13 Residency Road, Ashok Nagar, Bengaluru",9876543210,appointments@yourclinic.com,"Mon-Sat, 9:00 AM-6:00 PM",8 yrs 3 mos,"Long-term cardiac care with a focus on clear communication and practical treatment plans.
",vinay-verma.jpg,premium,General cardiology consultation,ECG and preventive heart screening,Hypertension and cholesterol management,Post-procedure follow-up care,https://www.linkedin.com/in/ACwAAAEQXigB5NyXJJT8s4gX94hYsooX5-XnLtQ
ayan-mondal,Ayan Mondal,23 Ventures Incorporation,Entrepreneur in Residence,"Mumbai, Maharashtra, India","14 Residency Road, Ashok Nagar, Bengaluru",9876543210,appointments@yourclinic.com,"Mon-Sat, 9:00 AM-6:00 PM",9 yrs 3 mos,"Long-term cardiac care with a focus on clear communication and practical treatment plans.
",ayan-mondal.jpg,modern,General cardiology consultation,ECG and preventive heart screening,Hypertension and cholesterol management,Post-procedure follow-up care,https://www.linkedin.com/in/ACwAAEM7zaoBXg257zpQmEnCbjZuoGsVgMMyWXo
anand-bhardwaj,Anand Bhardwaj,SUNACT Cancer Institute,Head of Human Resources,"Mumbai, Maharashtra, India","15 Residency Road, Ashok Nagar, Bengaluru",9876543210,appointments@yourclinic.com,"Mon-Sat, 9:00 AM-6:00 PM",10 yrs 3 mos,"Long-term cardiac care with a focus on clear communication and practical treatment plans.
",anand-bhardwaj.jpg,blue,General cardiology consultation,ECG and preventive heart screening,Hypertension and cholesterol management,Post-procedure follow-up care,https://www.linkedin.com/in/ACwAAAKdSTYBbLhjPsH9LKW9vhNAzQrxUiS5AsA
vijay-talreja,Vijay Talreja,VESIT Alumni Association,President,"Mumbai, Maharashtra, India","16 Residency Road, Ashok Nagar, Bengaluru",9876543210,appointments@yourclinic.com,"Mon-Sat, 9:00 AM-6:00 PM",11 yrs 3 mos,"Long-term cardiac care with a focus on clear communication and practical treatment plans.
",vijay-talreja.jpg,premium,General cardiology consultation,ECG and preventive heart screening,Hypertension and cholesterol management,Post-procedure follow-up care,https://www.linkedin.com/in/ACwAAAAtALwBFQgIwtLlmMBJmRU-jq1HB0ZC7Ck